,features,tend,press,count
0,가능,pos,Hankyoreh,815
1,가능성,pos,Hankyoreh,534
2,대응,pos,Hankyoreh,680
3,대화,pos,Hankyoreh,360
4,동맹,pos,Hankyoreh,526
5,전망,pos,Hankyoreh,339
6,지원,pos,Hankyoreh,490
7,협력,pos,Hankyoreh,534
8,강화,neg,Hankyoreh,600
9,공격,neg,Hankyoreh,358
10,미사일,neg,Hankyoreh,336
11,발사,neg,Hankyoreh,185
12,비판,neg,Hankyoreh,394
13,위협,neg,Hankyoreh,412
14,전쟁,neg,Hankyoreh,500
15,침공,neg,Hankyoreh,349
16,가능,pos,Chosun,1137
17,가능성,pos,Chosun,790
18,대응,pos,Chosun,779
19,대화,pos,Chosun,378
20,동맹,pos,Chosun,727
21,전망,pos,Chosun,598
22,지원,pos,Chosun,678
23,협력,pos,Chosun,618
24,강화,neg,Chosun,572
25,공격,neg,Chosun,563
26,미사일,neg,Chosun,470
27,발사,neg,Chosun,267
28,비판,neg,Chosun,533
29,위협,neg,Chosun,527
30,전쟁,neg,Chosun,599
31,침공,neg,Chosun,526
32,가능,pos,Joongang,1708
33,가능성,pos,Joongang,1176
34,대응,pos,Joongang,1263
35,대화,pos,Joongang,758
36,동맹,pos,Joongang,1249
37,전망,pos,Joongang,832
38,지원,pos,Joongang,1012
39,협력,pos,Joongang,1127
40,강화,neg,Joongang,1021
41,공격,neg,Joongang,750
42,미사일,neg,Joongang,773
43,발사,neg,Joongang,493
44,비판,neg,Joongang,798
45,위협,neg,Joongang,860
46,전쟁,neg,Joongang,887
47,침공,neg,Joongang,670
48,가능,pos,Donga,1207
49,가능성,pos,Donga,859
50,대응,pos,Donga,886
51,대화,pos,Donga,424
52,동맹,pos,Donga,753
53,전망,pos,Donga,495
54,지원,pos,Donga,703
55,협력,pos,Donga,673
56,강화,neg,Donga,729
57,공격,neg,Donga,535
58,미사일,neg,Donga,557
59,발사,neg,Donga,300
60,비판,neg,Donga,622
61,위협,neg,Donga,612
62,전쟁,neg,Donga,654
63,침공,neg,Donga,525
64,가능,pos,KBS,623
65,가능성,pos,KBS,343
66,대응,pos,KBS,559
67,대화,pos,KBS,249
68,동맹,pos,KBS,467
69,전망,pos,KBS,311
70,지원,pos,KBS,425
71,협력,pos,KBS,402
72,강화,neg,KBS,380
73,공격,neg,KBS,288
74,미사일,neg,KBS,335
75,발사,neg,KBS,182
76,비판,neg,KBS,233
77,위협,neg,KBS,361
78,전쟁,neg,KBS,333
79,침공,neg,KBS,292
80,가능,pos,SBS,196
81,가능성,pos,SBS,119
82,대응,pos,SBS,153
83,대화,pos,SBS,86
84,동맹,pos,SBS,134
85,전망,pos,SBS,117
86,지원,pos,SBS,109
87,협력,pos,SBS,123
88,강화,neg,SBS,123
89,공격,neg,SBS,101
90,미사일,neg,SBS,112
91,발사,neg,SBS,76
92,비판,neg,SBS,103
93,위협,neg,SBS,86
94,전쟁,neg,SBS,123
95,침공,neg,SBS,96
96,가능,pos,MBC,395
97,가능성,pos,MBC,269
98,대응,pos,MBC,304
99,대화,pos,MBC,151
100,동맹,pos,MBC,258
101,전망,pos,MBC,242
102,지원,pos,MBC,207
103,협력,pos,MBC,212
104,강화,neg,MBC,206
105,공격,neg,MBC,147
106,미사일,neg,MBC,179
107,발사,neg,MBC,135
108,비판,neg,MBC,161
109,위협,neg,MBC,178
110,전쟁,neg,MBC,213
111,침공,neg,MBC,200
112,가능,pos,YTN,1874
113,가능성,pos,YTN,1380
114,대응,pos,YTN,1366
115,대화,pos,YTN,825
116,동맹,pos,YTN,1182
117,전망,pos,YTN,1011
118,지원,pos,YTN,1098
119,협력,pos,YTN,1026
120,강화,neg,YTN,1077
121,공격,neg,YTN,861
122,미사일,neg,YTN,783
123,발사,neg,YTN,547
124,비판,neg,YTN,749
125,위협,neg,YTN,763
126,전쟁,neg,YTN,987
127,침공,neg,YTN,759
