,features,tend,press,count
0,가능,pos,Hankyoreh,913
1,가능성,pos,Hankyoreh,584
2,대응,pos,Hankyoreh,554
3,대화,pos,Hankyoreh,377
4,동맹,pos,Hankyoreh,452
5,전망,pos,Hankyoreh,380
6,지원,pos,Hankyoreh,334
7,협력,pos,Hankyoreh,477
8,강화,neg,Hankyoreh,483
9,공격,neg,Hankyoreh,330
10,미사일,neg,Hankyoreh,214
11,발사,neg,Hankyoreh,120
12,비판,neg,Hankyoreh,507
13,위협,neg,Hankyoreh,381
14,전쟁,neg,Hankyoreh,373
15,침공,neg,Hankyoreh,90
16,가능,pos,Chosun,1333
17,가능성,pos,Chosun,898
18,대응,pos,Chosun,626
19,대화,pos,Chosun,384
20,동맹,pos,Chosun,598
21,전망,pos,Chosun,680
22,지원,pos,Chosun,531
23,협력,pos,Chosun,529
24,강화,neg,Chosun,494
25,공격,neg,Chosun,587
26,미사일,neg,Chosun,327
27,발사,neg,Chosun,166
28,비판,neg,Chosun,810
29,위협,neg,Chosun,504
30,전쟁,neg,Chosun,459
31,침공,neg,Chosun,146
32,가능,pos,Joongang,1913
33,가능성,pos,Joongang,1273
34,대응,pos,Joongang,1052
35,대화,pos,Joongang,669
36,동맹,pos,Joongang,971
37,전망,pos,Joongang,1020
38,지원,pos,Joongang,802
39,협력,pos,Joongang,893
40,강화,neg,Joongang,773
41,공격,neg,Joongang,728
42,미사일,neg,Joongang,492
43,발사,neg,Joongang,301
44,비판,neg,Joongang,1156
45,위협,neg,Joongang,741
46,전쟁,neg,Joongang,689
47,침공,neg,Joongang,163
48,가능,pos,Donga,1141
49,가능성,pos,Donga,801
50,대응,pos,Donga,629
51,대화,pos,Donga,353
52,동맹,pos,Donga,506
53,전망,pos,Donga,462
54,지원,pos,Donga,402
55,협력,pos,Donga,442
56,강화,neg,Donga,462
57,공격,neg,Donga,440
58,미사일,neg,Donga,255
59,발사,neg,Donga,149
60,비판,neg,Donga,791
61,위협,neg,Donga,415
62,전쟁,neg,Donga,398
63,침공,neg,Donga,106
64,가능,pos,KBS,488
65,가능성,pos,KBS,289
66,대응,pos,KBS,297
67,대화,pos,KBS,120
68,동맹,pos,KBS,188
69,전망,pos,KBS,191
70,지원,pos,KBS,135
71,협력,pos,KBS,139
72,강화,neg,KBS,179
73,공격,neg,KBS,100
74,미사일,neg,KBS,69
75,발사,neg,KBS,45
76,비판,neg,KBS,159
77,위협,neg,KBS,107
78,전쟁,neg,KBS,72
79,침공,neg,KBS,17
80,가능,pos,SBS,194
81,가능성,pos,SBS,131
82,대응,pos,SBS,92
83,대화,pos,SBS,32
84,동맹,pos,SBS,74
85,전망,pos,SBS,109
86,지원,pos,SBS,41
87,협력,pos,SBS,48
88,강화,neg,SBS,42
89,공격,neg,SBS,42
90,미사일,neg,SBS,24
91,발사,neg,SBS,22
92,비판,neg,SBS,80
93,위협,neg,SBS,42
94,전쟁,neg,SBS,35
95,침공,neg,SBS,6
96,가능,pos,MBC,294
97,가능성,pos,MBC,186
98,대응,pos,MBC,143
99,대화,pos,MBC,79
100,동맹,pos,MBC,137
101,전망,pos,MBC,203
102,지원,pos,MBC,92
103,협력,pos,MBC,112
104,강화,neg,MBC,77
105,공격,neg,MBC,67
106,미사일,neg,MBC,50
107,발사,neg,MBC,44
108,비판,neg,MBC,139
109,위협,neg,MBC,101
110,전쟁,neg,MBC,54
111,침공,neg,MBC,6
112,가능,pos,YTN,1469
113,가능성,pos,YTN,1086
114,대응,pos,YTN,867
115,대화,pos,YTN,552
116,동맹,pos,YTN,664
117,전망,pos,YTN,847
118,지원,pos,YTN,543
119,협력,pos,YTN,565
120,강화,neg,YTN,563
121,공격,neg,YTN,457
122,미사일,neg,YTN,303
123,발사,neg,YTN,208
124,비판,neg,YTN,719
125,위협,neg,YTN,416
126,전쟁,neg,YTN,351
127,침공,neg,YTN,69
