features,tend,언론사,count
의혹,neg,Hankyoreh,14
지적,neg,Hankyoreh,56
위기,neg,Hankyoreh,59
비판,neg,Hankyoreh,57
논란,neg,Hankyoreh,26
확대,pos,Hankyoreh,55
가능,pos,Hankyoreh,74
중요,pos,Hankyoreh,41
발전,pos,Hankyoreh,83
추진,pos,Hankyoreh,59
의혹,neg,Chosun,24
지적,neg,Chosun,83
위기,neg,Chosun,74
비판,neg,Chosun,92
논란,neg,Chosun,59
확대,pos,Chosun,83
가능,pos,Chosun,113
중요,pos,Chosun,51
발전,pos,Chosun,116
추진,pos,Chosun,124
의혹,neg,Joongang,34
지적,neg,Joongang,76
위기,neg,Joongang,88
비판,neg,Joongang,87
논란,neg,Joongang,52
확대,pos,Joongang,69
가능,pos,Joongang,110
중요,pos,Joongang,76
발전,pos,Joongang,126
추진,pos,Joongang,107
의혹,neg,Donga,13
지적,neg,Donga,43
위기,neg,Donga,49
비판,neg,Donga,41
논란,neg,Donga,16
확대,pos,Donga,42
가능,pos,Donga,50
중요,pos,Donga,24
발전,pos,Donga,77
추진,pos,Donga,56
의혹,neg,KBS,1
지적,neg,KBS,16
위기,neg,KBS,21
비판,neg,KBS,25
논란,neg,KBS,19
확대,pos,KBS,28
가능,pos,KBS,31
중요,pos,KBS,19
발전,pos,KBS,47
추진,pos,KBS,52
의혹,neg,SBS,9
지적,neg,SBS,5
위기,neg,SBS,9
비판,neg,SBS,10
논란,neg,SBS,5
확대,pos,SBS,8
가능,pos,SBS,6
중요,pos,SBS,1
발전,pos,SBS,10
추진,pos,SBS,13
의혹,neg,MBC,6
지적,neg,MBC,3
위기,neg,MBC,7
비판,neg,MBC,15
논란,neg,MBC,3
확대,pos,MBC,9
가능,pos,MBC,7
중요,pos,MBC,7
발전,pos,MBC,8
추진,pos,MBC,7
의혹,neg,YTN,53
지적,neg,YTN,63
위기,neg,YTN,77
비판,neg,YTN,89
논란,neg,YTN,71
확대,pos,YTN,67
가능,pos,YTN,107
중요,pos,YTN,84
발전,pos,YTN,67
추진,pos,YTN,86
