features,tend,언론사,count
위기,neg,Hankyoreh,230
위험,neg,Hankyoreh,111
피해,neg,Hankyoreh,132
위협,neg,Hankyoreh,69
지적,neg,Hankyoreh,107
지원,pos,Hankyoreh,140
노력,pos,Hankyoreh,96
강화,pos,Hankyoreh,93
해결,pos,Hankyoreh,82
가치,pos,Hankyoreh,55
위기,neg,Chosun,102
위험,neg,Chosun,37
피해,neg,Chosun,52
위협,neg,Chosun,31
지적,neg,Chosun,39
지원,pos,Chosun,67
노력,pos,Chosun,48
강화,pos,Chosun,49
해결,pos,Chosun,50
가치,pos,Chosun,31
위기,neg,Joongang,170
위험,neg,Joongang,69
피해,neg,Joongang,99
위협,neg,Joongang,83
지적,neg,Joongang,94
지원,pos,Joongang,137
노력,pos,Joongang,114
강화,pos,Joongang,126
해결,pos,Joongang,102
가치,pos,Joongang,94
위기,neg,Donga,124
위험,neg,Donga,51
피해,neg,Donga,55
위협,neg,Donga,34
지적,neg,Donga,45
지원,pos,Donga,97
노력,pos,Donga,61
강화,pos,Donga,71
해결,pos,Donga,57
가치,pos,Donga,57
위기,neg,KBS,75
위험,neg,KBS,17
피해,neg,KBS,50
위협,neg,KBS,15
지적,neg,KBS,33
지원,pos,KBS,49
노력,pos,KBS,23
강화,pos,KBS,17
해결,pos,KBS,27
가치,pos,KBS,8
위기,neg,SBS,11
위험,neg,SBS,2
피해,neg,SBS,13
위협,neg,SBS,5
지적,neg,SBS,8
지원,pos,SBS,6
노력,pos,SBS,2
강화,pos,SBS,5
해결,pos,SBS,3
가치,pos,SBS,0
위기,neg,MBC,24
위험,neg,MBC,19
피해,neg,MBC,27
위협,neg,MBC,22
지적,neg,MBC,16
지원,pos,MBC,11
노력,pos,MBC,13
강화,pos,MBC,9
해결,pos,MBC,12
가치,pos,MBC,6
위기,neg,YTN,117
위험,neg,YTN,68
피해,neg,YTN,120
위협,neg,YTN,45
지적,neg,YTN,58
지원,pos,YTN,97
노력,pos,YTN,73
강화,pos,YTN,76
해결,pos,YTN,87
가치,pos,YTN,40
